{"0.00": {"bx": -5.0, "by": 6.0, "bz": 6.0, "vx": -400.0, "vy": 0.0, "vz": 0.0, "dennum": 8.0, "swetemp": 140000.0, "swptemp": 120000.0, "hefrac": 0.047, "swhtemp": 580000.0, "bowang": 3.14159265359, "dypres": 1.0, "abang": 4.0, "xhinge": 14.0}, "0.33": {"bx": -5.0, "by": 6.0, "bz": 6.0, "vx": -400.0, "vy": 0.0, "vz": 0.0, "dennum": 8.0, "swetemp": 140000.0, "swptemp": 120000.0, "hefrac": 0.047, "swhtemp": 580000.0, "bowang": 3.14159265359, "dypres": 1.0, "abang": 4.0, "xhinge": 14.0}, "0.67": {"bx": -5.0, "by": 6.0, "bz": 6.0, "vx": -400.0, "vy": 0.0, "vz": 0.0, "dennum": 8.0, "swetemp": 140000.0, "swptemp": 120000.0, "hefrac": 0.047, "swhtemp": 580000.0, "bowang": 3.14159265359, "dypres": 1.0, "abang": 4.0, "xhinge": 14.0}, "1.00": {"bx": -5.0, "by": 6.0, "bz": 6.0, "vx": -400.0, "vy": 0.0, "vz": 0.0, "dennum": 8.0, "swetemp": 140000.0, "swptemp": 120000.0, "hefrac": 0.047, "swhtemp": 580000.0, "bowang": 3.14159265359, "dypres": 1.0, "abang": 4.0, "xhinge": 14.0}, "1.33": {"bx": -5.0, "by": 6.0, "bz": 6.0, "vx": -400.0, "vy": 0.0, "vz": 0.0, "dennum": 8.0, "swetemp": 140000.0, "swptemp": 120000.0, "hefrac": 0.047, "swhtemp": 580000.0, "bowang": 3.14159265359, "dypres": 1.0, "abang": 4.0, "xhinge": 14.0}, "1.67": {"bx": -5.0, "by": 6.0, "bz": 6.0, "vx": -400.0, "vy": 0.0, "vz": 0.0, "dennum": 8.0, "swetemp": 140000.0, "swptemp": 120000.0, "hefrac": 0.047, "swhtemp": 580000.0, "bowang": 3.14159265359, "dypres": 1.0, "abang": 4.0, "xhinge": 14.0}, "2.00": {"bx": -5.0, "by": 6.0, "bz": 6.0, "vx": -400.0, "vy": 0.0, "vz": 0.0, "dennum": 8.0, "swetemp": 140000.0, "swptemp": 120000.0, "hefrac": 0.047, "swhtemp": 580000.0, "bowang": 3.14159265359, "dypres": 1.0, "abang": 4.0, "xhinge": 14.0}, "2.33": {"bx": -5.0, "by": 6.0, "bz": 6.0, "vx": -400.0, "vy": 0.0, "vz": 0.0, "dennum": 8.0, "swetemp": 140000.0, "swptemp": 120000.0, "hefrac": 0.047, "swhtemp": 580000.0, "bowang": 3.14159265359, "dypres": 1.0, "abang": 4.0, "xhinge": 14.0}, "2.67": {"bx": -5.0, "by": 6.0, "bz": 6.0, "vx": -400.0, "vy": 0.0, "vz": 0.0, "dennum": 8.0, "swetemp": 140000.0, "swptemp": 120000.0, "hefrac": 0.047, "swhtemp": 580000.0, "bowang": 3.14159265359, "dypres": 1.0, "abang": 4.0, "xhinge": 14.0}, "3.00": {"bx": -5.0, "by": 6.0, "bz": 6.0, "vx": -400.0, "vy": 0.0, "vz": 0.0, "dennum": 8.0, "swetemp": 140000.0, "swptemp": 120000.0, "hefrac": 0.047, "swhtemp": 580000.0, "bowang": 3.14159265359, "dypres": 1.0, "abang": 4.0, "xhinge": 14.0}, "3.33": {"bx": -5.0, "by": 6.0, "bz": 6.0, "vx": -400.0, "vy": 0.0, "vz": 0.0, "dennum": 8.0, "swetemp": 140000.0, "swptemp": 120000.0, "hefrac": 0.047, "swhtemp": 580000.0, "bowang": 3.14159265359, "dypres": 1.0, "abang": 4.0, "xhinge": 14.0}, "3.67": {"bx": -5.0, "by": 6.0, "bz": 6.0, "vx": -400.0, "vy": 0.0, "vz": 0.0, "dennum": 8.0, "swetemp": 140000.0, "swptemp": 120000.0, "hefrac": 0.047, "swhtemp": 580000.0, "bowang": 3.14159265359, "dypres": 1.0, "abang": 4.0, "xhinge": 14.0}, "4.00": {"bx": -5.0, "by": 6.0, "bz": 6.0, "vx": -400.0, "vy": 0.0, "vz": 0.0, "dennum": 8.0, "swetemp": 140000.0, "swptemp": 120000.0, "hefrac": 0.047, "swhtemp": 580000.0, "bowang": 3.14159265359, "dypres": 1.0, "abang": 4.0, "xhinge": 14.0}, "4.33": {"bx": -5.0, "by": 6.0, "bz": 6.0, "vx": -416.66666666666663, "vy": 0.0, "vz": 0.0, "dennum": 8.0, "swetemp": 140000.0, "swptemp": 120000.0, "hefrac": 0.047, "swhtemp": 580000.0, "bowang": 3.14159265359, "dypres": 1.4999999999999996, "abang": 3.333333333333334, "xhinge": 14.0}, "4.67": {"bx": -5.0, "by": 6.0, "bz": 6.0, "vx": -433.33333333333337, "vy": 0.0, "vz": 0.0, "dennum": 8.0, "swetemp": 140000.0, "swptemp": 120000.0, "hefrac": 0.047, "swhtemp": 580000.0, "bowang": 3.14159265359, "dypres": 2.0000000000000004, "abang": 2.666666666666666, "xhinge": 14.0}, "5.00": {"bx": -5.0, "by": 6.0, "bz": 6.0, "vx": -450.0, "vy": 0.0, "vz": 0.0, "dennum": 8.0, "swetemp": 140000.0, "swptemp": 120000.0, "hefrac": 0.047, "swhtemp": 580000.0, "bowang": 3.14159265359, "dypres": 2.5, "abang": 2.0, "xhinge": 14.0}, "5.33": {"bx": -5.0, "by": 6.0, "bz": 6.0, "vx": -466.66666666666663, "vy": 0.0, "vz": 0.0, "dennum": 8.0, "swetemp": 140000.0, "swptemp": 120000.0, "hefrac": 0.047, "swhtemp": 580000.0, "bowang": 3.14159265359, "dypres": 2.9999999999999996, "abang": 1.333333333333334, "xhinge": 14.0}, "5.67": {"bx": -5.0, "by": 6.0, "bz": 6.0, "vx": -483.33333333333337, "vy": 0.0, "vz": 0.0, "dennum": 8.0, "swetemp": 140000.0, "swptemp": 120000.0, "hefrac": 0.047, "swhtemp": 580000.0, "bowang": 3.14159265359, "dypres": 3.5000000000000004, "abang": 0.6666666666666661, "xhinge": 14.0}, "6.00": {"bx": -5.0, "by": 6.0, "bz": 6.0, "vx": -500.0, "vy": 0.0, "vz": 0.0, "dennum": 8.0, "swetemp": 140000.0, "swptemp": 120000.0, "hefrac": 0.047, "swhtemp": 580000.0, "bowang": 3.14159265359, "dypres": 4.0, "abang": 0.0, "xhinge": 14.0}, "6.33": {"bx": -5.0, "by": 6.0, "bz": 6.0, "vx": -500.0, "vy": 0.0, "vz": 0.0, "dennum": 8.0, "swetemp": 140000.0, "swptemp": 120000.0, "hefrac": 0.047, "swhtemp": 580000.0, "bowang": 3.14159265359, "dypres": 4.666666666666666, "abang": 0.0, "xhinge": 14.0}, "6.67": {"bx": -5.0, "by": 6.0, "bz": 6.0, "vx": -500.0, "vy": 0.0, "vz": 0.0, "dennum": 8.0, "swetemp": 140000.0, "swptemp": 120000.0, "hefrac": 0.047, "swhtemp": 580000.0, "bowang": 3.14159265359, "dypres": 5.333333333333334, "abang": 0.0, "xhinge": 14.0}, "7.00": {"bx": -5.0, "by": 6.0, "bz": 6.0, "vx": -500.0, "vy": 0.0, "vz": 0.0, "dennum": 8.0, "swetemp": 140000.0, "swptemp": 120000.0, "hefrac": 0.047, "swhtemp": 580000.0, "bowang": 3.14159265359, "dypres": 6.0, "abang": 0.0, "xhinge": 14.0}, "7.33": {"bx": -5.0, "by": 6.0, "bz": 6.0, "vx": -500.0, "vy": 0.0, "vz": 0.0, "dennum": 8.0, "swetemp": 140000.0, "swptemp": 120000.0, "hefrac": 0.047, "swhtemp": 580000.0, "bowang": 3.14159265359, "dypres": 6.666666666666666, "abang": 0.0, "xhinge": 14.0}, "7.67": {"bx": -5.0, "by": 6.0, "bz": 6.0, "vx": -500.0, "vy": 0.0, "vz": 0.0, "dennum": 8.0, "swetemp": 140000.0, "swptemp": 120000.0, "hefrac": 0.047, "swhtemp": 580000.0, "bowang": 3.14159265359, "dypres": 7.333333333333334, "abang": 0.0, "xhinge": 14.0}, "8.00": {"bx": -5.0, "by": 6.0, "bz": 6.0, "vx": -500.0, "vy": 0.0, "vz": 0.0, "dennum": 8.0, "swetemp": 140000.0, "swptemp": 120000.0, "hefrac": 0.047, "swhtemp": 580000.0, "bowang": 3.14159265359, "dypres": 8.0, "abang": 0.0, "xhinge": 14.0}, "8.33": {"bx": -5.0, "by": 6.0, "bz": 6.0, "vx": -500.0, "vy": 0.0, "vz": 0.0, "dennum": 8.0, "swetemp": 140000.0, "swptemp": 120000.0, "hefrac": 0.047, "swhtemp": 580000.0, "bowang": 3.14159265359, "dypres": 8.666666666666668, "abang": 0.0, "xhinge": 14.0}, "8.67": {"bx": -5.0, "by": 6.0, "bz": 6.0, "vx": -500.0, "vy": 0.0, "vz": 0.0, "dennum": 8.0, "swetemp": 140000.0, "swptemp": 120000.0, "hefrac": 0.047, "swhtemp": 580000.0, "bowang": 3.14159265359, "dypres": 9.333333333333332, "abang": 0.0, "xhinge": 14.0}, "9.00": {"bx": -5.0, "by": 6.0, "bz": 6.0, "vx": -500.0, "vy": 0.0, "vz": 0.0, "dennum": 8.0, "swetemp": 140000.0, "swptemp": 120000.0, "hefrac": 0.047, "swhtemp": 580000.0, "bowang": 3.14159265359, "dypres": 10.0, "abang": 0.0, "xhinge": 14.0}}